SOH,month,Temp,Charged
0.294777,0,0,0
0.245116,1,0,0
0.667489,2,0,0
0.650386,3,0,0
0.968119,4,0,0
0.206471,5,0,0
0.220325,6,0,0
0.392347,7,0,0
0.084971,8,0,0
0.945142,9,1,1
